ID	logFC	AveExpr	t	P.Value	adj.P.Val	B	eigenvalue	Page_Rank	degree	closenessness	betweenness	size	nes	pval	pval.fdr
1	HOXA1	3.35867142298136	-4.44968291568627	2.02206287770676	0.0487629340258571	0.862752134863292	-3.80900222048585	-35.734895249834	-1.94591014905531	1	1	0	0	0	1	1
2	MTA3	0.994446255279504	2.91961164901961	1.71235335909354	0.0932862377658229	0.940466131969085	-4.24018006503446	-35.7616183199748	-1.94591014905531	1	1	0	7	0.7519071481822	0.452106899121114	0.9903765953488
3	MYC	-3.2652887242236	-0.578580616392157	-2.25069619736724	0.0290227525784117	0.83324554240018	-3.4537992579689	-0.346573590279973	-2.20692397442493	1	0.333333333333333	0	7	0.269157244310179	0.787808680590161	0.9903765953488
4	SDC4	-1.80839012608696	0.0280115243137255	-1.9811446746203	0.053320100305033	0.875094035916376	-3.86935700142496	0	-1.56784401513526	2	0.5	1	0	0	1	1
5	SIRT6	1.47794550354037	-0.919770738235294	2.83198016129046	0.00674157642752816	0.620104106194877	-2.42641231886839	-37.0602071006755	-1.94591014905531	1	1	0	11	1.04952530563201	0.293936414658053	0.9903765953488
6	SIX5	2.11872908695652	-6.04165415686275	1.78314377506317	0.080887366662491	0.924258171906627	-4.14693624696779	-0.346573590279973	-2.20692397442493	1	0.333333333333333	0	9	0.699399169019808	0.484302607014436	0.9903765953488
7	WFS1	-1.16489536024845	-1.75396094117647	-2.0047988212706	0.0506428643497177	0.87073464672373	-3.83458907613508	-35.7288284971518	-1.94591014905531	1	1	0	0	0	1	1
